Artist	Digital Painting and Drawing	What feature in Adobe Photoshop is best for removing a background?	 Magic Wand Tool	x
			 Lasso Tool	
			 Gradient Tool	
			 Brush Tool	
		Which of the following is not a primary function of Adobe Illustrator?	 Vector graphic creation	
			 Photo editing	x
			 Logo design	
			 Typography design	
		When creating digital art, what is the purpose of using layers?	 To change the image size	
			 To organize different elements of the artwork separately	x
			 To add filters to the entire artwork at once	
			 To reduce the file size	
		Which tool would you use to create a seamless pattern in Photoshop?	 Blur Tool	
			 Pen Tool	
			 Clone Stamp Tool	x
			 Eraser Tool	
		What is the best practice for optimizing digital artwork for different platforms?	 Using the highest resolution possible	
			 Creating artwork in black and white	
			 Using a limited color palette	
			 Adjusting the resolution and file format based on the platform's requirements	x
	3D Modeling and Animation	Which software is widely used for 3D modeling and animation in the gaming industry?	 Adobe Photoshop	
			 Autodesk Maya	x
			 Adobe Illustrator	
			 Microsoft Paint	
		What is the process of preparing a 3D model for animation called?	 Texturing	
			 Rigging	x
			 Rendering	
			 Sculpting	
		Which of the following is a technique used to show textures on 3D models?	 Motion capture	
			 UV mapping	x
			 Keyframing	
			 Vector drawing	
		In 3D animation, what is 'inverse kinematics' used for?	 Creating realistic lighting effects	
			 Simulating cloth and hair dynamics	
			 Manipulating character joints for natural movement	x
			 Generating 3D models from 2D images	
		How can 3D models be optimized for better performance in games?	 Increasing the polygon count	
			 Using higher-resolution textures	
			 Reducing the number of textures	
			 Decreasing the polygon count and using efficient textures	x
	Texturing	What tool is essential for creating highly detailed textures for 3D models?	 ZBrush	
			 Substance Painter	x
			 Unity	
			 Adobe InDesign	
		Which of the following is not a common technique in digital texturing?	 Baking	
			 Layering	
			 Drafting	x
			 Blending	
		In the context of texturing, what does UV mapping refer to?	 A process to create the texture coordinates of a 3D model	x
			 A technique to improve the lighting in textures	
			 A method to increase the resolution of textures	
			 A tool to generate automatic textures	
		What is the primary purpose of a normal map in texturing?	 To create a bump effect without increasing the polygon count	x
			 To change the color of the texture	
			 To decrease the file size of the texture	
			 To increase the rendering speed of textures	
		How do you achieve a worn-out look on a texture in Substance Painter?	 By using the Fill Layer	
			 By applying a High Pass filter	
			 By adding a Smart Material with wear and tear effects	x
			 By increasing the texture resolution	
	Sculpting	Which of the following tools is primarily used for digital sculpting?	 Autodesk 3ds Max	
			 Adobe After Effects	
			 Pixologic ZBrush	x
			 Adobe Premiere Pro	
		What is the main advantage of using digital sculpting in game art creation?	 It allows for real-time collaboration	
				x
			 It automatically optimizes models for game engines	
			 It simplifies the texturing process	
		In ZBrush, what feature allows you to create a symmetrical model efficiently?	 DynaMesh	
			 ZSphere	
			 Symmetry Mode	x
			 ShadowBox	
		How do you reduce the polygon count of a sculpt in ZBrush while maintaining detail?	 It enables the creation of high-detail models	x
			 Applying a Gaussian Blur filter	
			 Increasing the ZIntensity	
			 Decreasing the brush size	
		What is the purpose of the 'Subdivision Levels' feature in ZBrush?	 To add more detail to the texture	
			 To create animations within ZBrush	
			 To modify the lighting of the sculpt	
			 To smoothly transition between different levels of mesh detail	x
	Knowledge of Game Engines	Which game engine is known for its Blueprint visual scripting system?	 Unity	
			 Unreal Engine	x
			 Godot	
			 CryEngine	
		In Unity, how can you optimize the performance of your game's art assets?	 By using high-resolution textures exclusively	
			 By increasing the number of light sources	
			 By batching static objects	x
			 By disabling physics simulations	
		What feature in Unreal Engine is used to create realistic environmental interactions, like wind moving through trees?	 Particle System	
			 Physics Engine	
			 Niagara System	x
			 Landscape Editor	
		In game development, what is the primary function of a Shader?	 To optimize game code	
			 To control the game's AI	
			 To dictate how surfaces appear under lighting	x
			 To manage the game's inventory system	
		Which of the following is a key consideration when importing 3D models into Unity?	 Ensuring all models are in the .unity format	
			 Applying all textures in Photoshop before importing	
			 Setting the correct import settings for scale, normals, and materials	x
			 Converting all models to 2D sprites	
Game Design		In game design, what does the term "game mechanics" refer to?	 The physical components of a video game console	
	Game Mechanics		 The rules and systems that govern gameplay	x
			 The storyline and characters in a game	
			 The graphical assets used in a game	
		What is the primary purpose of implementing a health bar in a game?	 To display the player's level	
			 To track the player's score	
			 To show the player's remaining life or hit points	x
			 To provide hints and tips to the player	
		What game mechanic is commonly used to reward players for achieving specific goals or milestones?	 Power-ups	x
			 Cutscenes	
			 Quick time events	
			 Tutorial levels	
		Which game mechanic involves presenting players with a series of choices that affect the game's outcome?	 Random encounters	
			 Dialogue trees	x
			 Achievements	
			 Inventory management	
		What is the purpose of a "respawn" mechanic in a game?	 To create challenge and difficulty	
			 To pause the game temporarily	
			 To transition between levels	
			 To allow players to re-enter the game after losing	x
	Level Design	What is the primary goal of level design in a game?	 To create visually stunning environments	
			 To provide a linear path from start to finish	
			 To challenge and engage the player	x
			 To tell a compelling story	
		Which level design element is crucial for guiding players through a game's world?	 Collectibles	
			 Obstacles	
			 Waypoints	x
			 Power-ups	
		What level design technique involves gradually introducing gameplay mechanics to the player?	 Sandbox design	
			 Trial and error	
			 Progressive disclosure	x
			 Labyrinth design	
		In platformer games, what purpose do "checkpoints" serve in level design?	 To display the player's score	
			 To mark the start of a new level	
			 To allow the player to resume from a specific point after failing	x
			 To trigger cutscenes	
		Which level design approach focuses on giving players freedom to explore and interact with the game world?	 Linear level design	
			 Open-world design	x
			 Puzzle-based design	
			 Endless runner design	
	Narrative Design	What is the role of a "narrative designer" in game development?	 Creating 3D character models	
			 Writing the game's code	
			 Crafting the game's story, dialogues, and lore	x
			 Designing game mechanics	
		Which narrative design element is responsible for conveying the backstory and world-building in a game?	 Dialogue trees	
			 Character development	
			 Exposition	x
			 Cutscenes	
		What is the primary purpose of branching narrative paths in a game's story?	 To increase the game's graphics quality	
			 To create alternate game endings	x
			 To add extra challenges for players	
			 To optimize game performance	
		In narrative design, what is the term for the choices given to the player that impact the direction of the story?	 Plot twists	
			 Consequences	x
			 Easter eggs	
			 Random events	
		Which narrative design element provides players with additional information about the game world or characters?	 Flashbacks	
			 Jump scares	
			 Boss battles	
			 Collectibles	x
	Playtesting	What is the primary goal of playtesting in game development?	 Creating marketing materials	
			 Identifying bugs and glitches	x
			 Finalizing the game's graphics	
			 Generating revenue	
		Playtesting typically involves:	 Playing the game for fun	
			 Observing how players interact with the game and gathering feedback	x
			 Completing the game in record time	
			 Testing the game on different platforms	
		What type of playtest focuses on finding and fixing technical issues and bugs?	 Alpha testing	x
			 Beta testing	
			 Usability testing	
			 Focus group testing	
		When should playtesting be conducted in the game development process?	 Only after the game is fully developed	
			 During the early concept phase	
			 Throughout the development cycle, from early prototypes to final builds	x
			 Only during marketing and promotion	
		What is the main benefit of conducting usability testing during playtesting?	 Identifying technical bugs and glitches	
			 Evaluating the game's graphics quality	
			 Understanding how players perceive and interact with the game's user interface	x
			 Measuring player engagement and enjoyment	
Producer	Project Management Tools	Which project management tool allows for the creation of "sprints" in an Agile development environment?	 Microsoft Excel	
			 JIRA	x
			 Adobe Creative Cloud	
			 Autodesk Maya	
		What is the primary purpose of using Trello in game development projects?	 3D modeling	
			 Version control	
			 Task and progress tracking	x
			 Budgeting	
		In Microsoft Project, what feature is most commonly used to visualize project timelines?	 Gantt Chart	x
			 Pie Chart	
			 Scatter Plot	
			 Bar Graph	
		Which tool is best suited for managing source code version control?	 Slack	
			 Git	x
			 Photoshop	
			 Trello	
		Agile project management methodologies emphasize:	 Comprehensive documentation over working software	
			 Contract negotiation over customer collaboration	
			 Following a plan over responding to change	
			 Individuals and interactions over processes and tools	x
	Budgeting and Financial Software	What is a key feature of financial software used in game production budgeting?	 Real-time multiplayer capabilities	
			 Asset creation tools	
			 Forecasting and expense tracking	x
			 3D modeling functionality	
		Which of the following is not typically a function of budgeting software in game development?	 Scheduling social media posts	x
			 Tracking project expenses	
			 Forecasting future financial needs	
			 Managing invoices and receipts	
		In budget management, what is the term for the difference between the budgeted amount and the actual amount spent?	 Deficit	
			 Surplus	
			 Variance	x
			 Allocation	
		Effective financial management in game development requires:	 Focusing solely on the lowest cost options	
			 Ignoring external market trends	
			 Balancing quality with cost-efficiency	x
			 Avoiding investments in new technology	
		What aspect of financial software is crucial for collaborative game development projects?	 3D rendering capabilities	
			 Multi-user access and permissions	x
			 Built-in chat systems	
			 Game engine integration	
	Scheduling Tools	The critical path method (CPM) is a project management technique that:	 Identifies project tasks that are not important	
			 Determines the shortest time possible to complete the project	x
			 Focuses on maximizing project costs	
			 Is used to schedule marketing releases only	
		Gantt charts are used in scheduling to:	 Track the performance of stocks	
			 Create detailed 3D models of project outcomes	
			 Visualize project timelines and task dependencies	x
			 Organize team-building activities	
		Resource leveling is a technique used in project scheduling to:	 Increase project risk	
			 Adjust the project timeline based on resource availability	x
			 Decrease the quality of the final product	
			 Allocate additional budget to marketing	
		What scheduling tool feature is most beneficial for managing multiple game development projects simultaneously?	 Color coding for different art assets	
			 The ability to play test builds directly within the tool	
			 Portfolio management and overview capabilities	x
			 Integration with 3D modeling software	
		In the context of game production, "milestones" are:	 Irrelevant and outdated management practices	
			 Fixed dates by which a particular version of the game must be released to the public	
			 Key points in the project timeline where specific objectives must be met	x
			 Only used in marketing and sales strategies	
	Agile and Scrum Methodologies	What role is responsible for removing obstacles and facilitating the team's progress in Scrum?	 Product Owner	
			 Scrum Master	x
			 Lead Programmer	
			 Art Director	
		User stories in Agile development are best described as:	 Detailed technical specifications	
			 High-level business requirements	
			 Short descriptions of features from the perspective of the end user	x
			 Long-term project goals and objectives	
		A "sprint" in Scrum is:	 A long, uninterrupted period of design work	
			 A type of meeting to discuss project finances	
			 A short, time-boxed period during which a specific work has to be completed	x
			 An informal gathering of the development team	
		The primary purpose of the Sprint Retrospective is to:	 Plan the next sprint	
			 Review and adjust the project budget	
			 Reflect on the past sprint and identify improvements for the next sprint	x
			 Celebrate the project launch	
		Which artifact in Scrum is used to manage and prioritize work for future sprints?	 The Increment	
			 The Sprint Backlog	
			 The Product Backlog	x
			 The Burndown Chart	
Game Programmer	Programming Languages	Which programming language is most commonly used for Unity game development?	 Python	
			 C#	x
			 C++	
			 JavaScript	
		What is a significant feature of C++ that is extensively used in game programming for performance optimization?	 Garbage collection	
			 Dynamic typing	
			 Manual memory management	x
			 Cross-platform GUI toolkit	
		Python is often used in game development for:	 High-performance game physics calculations	
			 Scripting tools and development pipelines	x
			 Real-time multiplayer networking	
			 3D graphics rendering	
		What advantage does Java offer in game development?	 Native support for virtual reality development	
			 Write once, run anywhere (cross-platform compatibility)	x
			 Direct access to graphics hardware	
			 Built-in support for game engine development	
		In game development, C# is preferred in Unity due to its:	 Speed comparable to C++	
			 Integration with Visual Studio	
			 Ease of use and comprehensive API for Unity	x
			 Ability to compile to native code	
	Game Engines	Unreal Engine is known for its:	 Exclusive use in 2D game development	
			 Blueprint visual scripting system	x
			 Lack of support for mobile platforms	
			 Limited graphics capabilities	
		Unity's primary scripting language is:	 Python	
			 C#	x
			 C++	
			 JavaScript	
		For developing a game with extensive physics simulations, which game engine feature is most critical?	 Particle system editor	
			 Built-in physics engine	x
			 Shader graph editor	
			 Audio mixer	
		Which game engine offers a visual scripting tool called "Blueprints" for developers who prefer not to write code?	 Godot	
			 CryEngine	
			 Unity	
			 Unreal Engine	x
		In Unity, what is the primary use of the Animator component?	 Managing game data	
			 Controlling 2D and 3D animations	x
			 Scripting game logic	
			 Optimizing game performance	
	Graphics Programming	Which graphics API is cross-platform and commonly used in mobile game development?	 DirectX	
			 Vulkan	
			 Metal	
			 OpenGL ES	x
		What is the main purpose of a shader in game development?	 Handling user input	
			 Managing game state	
			 Processing graphics rendering	x
			 Storing game data	
		Deferred rendering is beneficial for:	 Games with a small number of light sources	
			 2D games with simple graphics	
			 Games that require complex lighting and shading effects	x
			 Mobile games optimized for battery life	
		Which of the following is a key feature of DirectX 12 that improves game performance?	 Python integration	
			 Low-level programming interface	x
			 Built-in physics engine	
			 Cross-platform support	
		Vulkan API is designed to provide:	 High-fidelity audio processing	
			 Advanced AI capabilities for games	
			 High-efficiency, cross-platform graphics and compute operations	x
			 A built-in game development environment	
	Artificial Intelligence	Which algorithm is commonly used for pathfinding in games?	 Quick Sort	
			 A*	x
			 Linear Regression	
			 Genetic Algorithm	
		In game AI, decision trees are used for:	 Generating random game levels	
			 Creating realistic game physics	
			 Making decisions based on a set of conditions	x
			 Managing multiplayer game sessions	
		What is the primary use of neural networks in game AI?	 To create detailed game maps	
			 For procedural content generation	
			 To model complex behavior patterns	x
			 To optimize game engine performance	
		Finite State Machines (FSM) in game development are best suited for:	 Managing game economy	
			 Controlling non-player character (NP behavior	x
			 Rendering high-resolution textures	
			 Streaming game levels	
		The behavior tree AI model is preferred over FSM for game AI because it:	 Is easier to implement for simple behaviors	
			 Provides a more flexible and scalable approach to complex AI decision-making	x
			 Uses less memory and processing power	
			 Can only be used in 2D games	
	Network Programming	Which protocol is most commonly used for real-time multiplayer games due to its low overhead?	 HTTP	
			 FTP	
			 TCP	
			 UDP	x
		In multiplayer game development, what is the primary role of the server in a client-server architecture?	 Rendering graphics	
			 Processing input from peripherals	
			 Managing game state and synchronizing it among clients	x
			 Storing persistent player data	
		Peer-to-peer networking is characterized by:	 Each client acting as both a server and a client	x
			 Centralized control of game state	
			 The use of dedicated servers for game logic	
			 Lower latency than client-server models	
		For securing data transmission in online games, which technique is most effective?	 Data compression	
			 Encryption	x
			 UDP broadcasting	
			 Load balancing	
		What is the main challenge of network programming in multiplayer games?	 Designing game levels	
			 Writing game narratives	
			 Minimizing latency and ensuring synchronization	x
			 Creating AI opponents	
All paths (soft skills)	Critical & Creative Thinking	What is a key aspect of critical thinking in game development?	 Following established industry practices without question	
			 Exploring innovative solutions and evaluating their impact	x
			 Avoiding any risks or experimentation	
			 Prioritizing speed over quality	
		In a game design scenario, which example demonstrates creative thinking?	 Replicating a well-known game mechanic exactly as it is	
			 Generating unique gameplay mechanics that challenge player expectations	x
			 Using stock assets without modification	
			 Avoiding any deviation from industry conventions	
		How can creative thinking benefit game art creation?	 By strictly adhering to established art styles	
			 By encouraging artists to avoid experimentation	
			 By fostering innovation and allowing for unconventional artistic choices	x
			 By limiting the use of color and texture variations	
		Critical thinking in game programming involves:	 Relying solely on code libraries without questioning their efficiency	
			 Identifying and addressing performance bottlenecks in code	x
			 Avoiding debugging and testing to save time	
			 Writing code without any consideration for optimization	
		What role does critical thinking play in narrative design?	 Following a linear storyline without deviation	
			 Creating plot twists that surprise and engage players	x
			 Avoiding any character development to keep the story simple	
			 Sticking to traditional storytelling techniques without innovation	
	Independent Learning	What does independent learning in game development involve?	 Relying solely on formal education and ignoring self-study	
			 Seeking guidance from mentors at all times	
			 Taking initiative to acquire new skills and knowledge outside of formal instruction	x
			 Avoiding learning resources and focusing only on practical experience	
		In the context of independent learning, what is a common approach to mastering new game engine features?	 Waiting for official documentation before attempting to use new features	
			 Experimenting with new features, exploring online tutorials, and seeking community advice	x
			 Relying solely on instructors to provide in-depth training	
			 Avoiding new features to stick with familiar tools	
		How can independent learning benefit game artists?	 By avoiding exposure to different art styles	
			 By restricting art creation to traditional mediums only	
			 By allowing artists to explore diverse art techniques and evolve their skills	x
			 By limiting access to reference materials	
		What is a characteristic of independent learning in game programming?	 Avoiding any coding challenges outside of assigned tasks	
			 Taking the initiative to work on personal coding projects and side projects	x
			 Relying solely on coding bootcamps for skill development	
			 Ignoring feedback and suggestions from peers	
		How can independent learning benefit narrative designers?	 By adhering strictly to established storytelling formulas	
			 By avoiding exposure to different narrative genres	
			 By allowing for the exploration of unconventional storytelling techniques and genres	x
			 By sticking to familiar storylines without deviation	
	Industry Trends	Why is staying updated on industry trends important for game developers?	 To avoid adopting new technologies that might be risky	
			 To ensure that their games follow outdated conventions	
			 To remain competitive and adapt to changing player preferences	x
			 To minimize innovation and maintain a consistent style	
		What can happen if game developers ignore industry trends?	 They will always produce successful games without change	
			 They may miss out on opportunities for growth and relevance	x
			 They will have a more predictable and stable career	
			 They will receive more recognition from industry peers	
		How can keeping up with industry trends benefit game artists?	 By restricting them to a single art style	
			 By limiting their creative freedom	
			 By allowing them to evolve their skills and adapt to new artistic techniques	x
			 By focusing solely on traditional art forms	
		In game programming, what is a potential consequence of ignoring industry trends?	 Faster development of cutting-edge games	
			 Improved game performance	
			 Falling behind in technology and limiting career opportunities	x
			 Greater compatibility with legacy hardware	
		How can narrative designers benefit from staying informed about industry trends?	 By always sticking to traditional storytelling techniques	
			 By avoiding new narrative genres	
			 By being able to experiment with innovative storytelling methods and adapt to changing player expectations	x
			 By using the same narrative formula for every game	
	Networking 	What is a key benefit of networking skills in the game development industry?	 Isolation from industry peers to avoid competition	
			 Limited exposure to potential collaborators and opportunities	
			 Building valuable connections, collaborations, and career growth	x
			 Focusing solely on individual achievements	
		How can networking skills help game artists?	 By avoiding communication with other artists to maintain artistic purity	
			 By limiting interactions to art creation only	
			 By facilitating collaborations with other artists and industry professionals	x
			 By ignoring feedback and suggestions from peers	
		In game programming, how can networking skills benefit developers?	 By avoiding teamwork and working in isolation	
			 By limiting interactions to coding tasks only	
			 By fostering collaborations with colleagues, sharing knowledge, and solving complex problems together	x
			 By disregarding industry events and conferences	
		What is a potential consequence of lacking networking skills in the game industry?	 Faster career growth and opportunities	
			 Limited access to valuable industry insights and connections	x
			 Enhanced creativity and innovation	
			 Isolation from industry trends	
		How can networking skills benefit narrative designers?	 By avoiding collaboration with other writers	
			 By limiting interactions to writing tasks only	
			 By establishing connections with fellow writers and industry professionals for feedback and opportunities	x
			 By disregarding player feedback and preferences	
	Personal Responsibility	What does personal responsibility in game development entail?	 Avoiding accountability for one's actions and decisions	
			 Taking ownership of one's work, meeting deadlines, and delivering quality results	x
			 Blaming others for project failures	
			 Prioritizing personal interests over team goals	
		How can personal responsibility benefit game artists?	 By ignoring project deadlines to focus on perfection	
			 By limiting involvement in team discussions	
			 By ensuring timely delivery of high-quality art assets and contributing to project success	x
			 By avoiding any involvement in project planning	
		In game programming, what is a key aspect of personal responsibility?	 Ignoring project timelines and milestones	
			 Avoiding collaboration with team members	
			 Taking ownership of code quality, meeting deadlines, and assisting teammates	x
			 Blaming others for code-related issues	
		What can happen if a game developer lacks personal responsibility?	 Enhanced team cohesion and project success	
			 Missed project deadlines and a negative impact on the team	x
			 Improved work-life balance	
			 Increased innovation and creativity	
		How can personal responsibility benefit narrative designers?	 By avoiding any involvement in story development	
			 By delivering well-crafted narratives on time and actively participating in the storytelling process	x
			 By ignoring player feedback on the narrative	
			 By refusing to make revisions to the story	
	Teamwork	What is a key aspect of effective teamwork in game development?	 Avoiding collaboration and working independently	
			 Fostering a supportive and collaborative environment, actively contributing to team goals	x
			 Ignoring team members' input and ideas	
			 Prioritizing individual recognition over team success 	
		How can teamwork skills benefit game artists?	 By working in isolation to maintain creative purity	
			 By limiting communication with team members	
			 By collaborating with artists and other team members to create a cohesive game experience	x
			 By disregarding team feedback and suggestions	
		In game programming, what is a critical component of effective teamwork?	 Avoiding code reviews and discussions with colleagues	
			 Isolating oneself from the team to focus on personal coding tasks	
			 Collaborating with team members, sharing knowledge, and resolving coding challenges together	x
			 Ignoring team objectives and goals	
		What is a potential consequence of lacking teamwork skills in the game industry?	 Enhanced project efficiency and success	
			 Decreased team morale and project delays	x
			 Improved individual recognition	
			 Increased creative freedom	
		How can teamwork skills benefit narrative designers?	 By avoiding collaboration with other writers	
			 By limiting interactions to writing tasks only	
			 By actively participating in team discussions, incorporating feedback, and contributing to a cohesive narrative	x
			 By disregarding team input on the narrative	
	Communication Skills	Why are effective communication skills important in game development?	 To avoid any communication with team members and stakeholders	
			 To create a chaotic work environment	
			 To facilitate clear understanding, collaboration, and the conveyance of ideas	x
			 To prioritize individual work over team interaction	
		How can strong communication skills benefit game artists?	 By limiting discussions with team members to art-related matters only	
			 By fostering clear communication of artistic ideas, feedback, and project requirements	x
			 By avoiding all forms of written communication	
			 By ignoring any feedback from the art team lead	
		In game programming, what is a key aspect of effective communication?	 Refusing to document code and project progress	
			 Limiting interactions with team members to coding tasks only	
			 Clearly communicating code changes, updates, and collaborating with team members	x
			 Ignoring the team's coding standards and guidelines	
		What can happen if game developers lack communication skills?	 Improved team cohesion and understanding	
			 Misunderstandings, conflicts, and decreased productivity	x
			 Faster project completion without collaboration	
			 Enhanced creativity and innovation	
		How can communication skills benefit narrative designers?	 By avoiding all communication with team members	
			 By clearly conveying the narrative vision, receiving feedback, and collaborating with the team to create a cohesive story	x
			 By ignoring all feedback on the narrative	
			 By sticking to the original narrative without considering input from others	
	Time Management	Why is effective time management crucial in game development?	 To prioritize perfection over project deadlines	
			 To create a relaxed work environment with no pressure	
			 To meet project milestones and deliverables on time	x
			 To avoid any project planning and scheduling	
		How can good time management benefit game artists?	 By avoiding project deadlines to focus on perfection	
			 By delivering art assets on schedule, contributing to project progress, and avoiding crunch time	x
			 By ignoring project schedules and timelines	
			 By focusing solely on art creation without considering project deadlines	
		In game programming, what is a key aspect of effective time management?	 Ignoring project timelines and milestones	
			 Prioritizing personal coding tasks over team objectives	
			 Managing time efficiently, meeting deadlines, and contributing to project goals	x
			 Avoiding any planning or scheduling	
		What is a potential consequence of poor time management in the game industry?	 Faster project completion without adhering to schedules	
			 Missed project deadlines, increased stress, and potential project failure	x
			 Enhanced creativity and innovation	
			 Improved work-life balance	
		How can good time management benefit narrative designers?	 By avoiding any consideration of project schedules	
			 By delivering narrative content on time, allowing for revisions, and contributing to project success	x
			 By sticking to rigid story development timelines without flexibility	
			 By ignoring project deadlines and milestones	
	Project Management	Why is effective project management important in game development?	 To prioritize individual work over team coordination	
			 To create a chaotic work environment	
			 To ensure efficient allocation of resources, meeting project goals, and delivering on time	x
			 To avoid any form of project planning	
		How can good project management benefit game artists?	 By avoiding any involvement in project planning	
			 By contributing to project planning, ensuring resource allocation, and meeting art asset delivery milestones	x
			 By ignoring project deadlines and schedules	
			 By focusing solely on individual art creation without considering project goals	
		In game programming, what is a key aspect of effective project management?	 Relying solely on individual coding tasks without considering team objectives	
			 Managing coding projects, allocating resources, and ensuring code quality within project timelines	x
			 Avoiding any form of project planning and organization	
			 Ignoring project milestones and deadlines	
		What is a potential consequence of poor project management in the game industry?	 Enhanced teamwork and project success	
			 Inefficient resource allocation, missed deadlines, and potential project failure	x
			 Increased innovation and creativity	
			 Decreased stress and work-life balance	
		How can good project management benefit narrative designers?	 By avoiding any involvement in project planning and organization	
			 By contributing to project planning, ensuring narrative milestones are met, and collaborating with the team to create a cohesive story	x
			 By sticking to rigid story development timelines without flexibility	
			 By disregarding project schedules and deadlines	
	Conflict Resolution	Why is conflict resolution important in game development teams?	 To encourage constant conflict and competition among team members	
			 To create a stressful work environment	
			 To address conflicts, maintain team cohesion, and ensure effective collaboration	x
			 To avoid any form of interaction among team members	
		How can effective conflict resolution benefit game artists?	 By avoiding any involvement in conflicts	
			 By addressing conflicts professionally, promoting a positive work environment, and focusing on art creation	x
			 By ignoring conflicts and allowing them to escalate	
			 By prioritizing personal interests over team harmony	
		In game programming, what is a key aspect of conflict resolution?	 Ignoring conflicts and avoiding discussions with team members	
			 Effectively addressing conflicts, finding solutions, and maintaining a collaborative coding environment	x
			 Encouraging conflicts to motivate the team	
			 Avoiding any form of communication during conflicts	
		What can happen if conflicts are not resolved effectively in the game industry?	 Enhanced team cohesion and productivity	
			 Increased stress and team disintegration	x
			 Improved individual recognition	
			 Enhanced creativity and innovation	
		How can effective conflict resolution benefit narrative designers?	 By avoiding any involvement in conflicts	
			 By addressing conflicts professionally, ensuring a harmonious storytelling process, and collaborating with the team to create a cohesive narrative	x
			 By ignoring conflicts and maintaining a rigid narrative approach	
			 By prioritizing personal narrative preferences over team harmony	